"doc_id","in_db","status_id","old_status_id","unaccounted_status","active","region","report_check_act_link","report_date","report_project_date_start","report_project_date_end","url"
"23661","True","5","","","","Москва","http://195.161.118.19/fdgko/pers_stor/73862/69741/Москва 155 19.04.2023.pdf","","","","https://rosreestr.gov.ru/wps/portal/p/cc_ib_portal_services/cc_ib_ais_fdgko/!ut/p/z1/04_Sj9CPykssy0xPLMnMz0vMAfIjo8zi3QNNXA2dTQy93UOdzAwcPQO8nMI8nQ0MDMz1w9EUBBqaAxU4ehsaG7obGPgb6keRph9DAUi_AQ7gaADUH4VmBaoLnI0IKAA5kZAlBbmhEQaZnooANTW-bQ!!/p0/IZ7_GQ4E1C41KGUB60AIPJBVIC0080=CZ6_GQ4E1C41KGUB60AIPJBVIC0007=MEcontroller!null==/?restoreSessionState=true&action=viewProcedure&id=23661"
"23641","True","1","","","","Челябинская область","http://195.161.118.19/fdgko/pers_stor/73842/69721/Челябинская область 24.05.2022 79-П.pdf","01.01.2023","","","https://rosreestr.gov.ru/wps/portal/p/cc_ib_portal_services/cc_ib_ais_fdgko/!ut/p/z1/04_Sj9CPykssy0xPLMnMz0vMAfIjo8zi3QNNXA2dTQy93UOdzAwcPQO8nMI8nQ0MDMz1w9EUBBqaAxU4ehsaG7obGPgb6keRph9DAUi_AQ7gaADUH4VmBaoLnI0IKAA5kZAlBbmhEQaZnooANTW-bQ!!/p0/IZ7_GQ4E1C41KGUB60AIPJBVIC0080=CZ6_GQ4E1C41KGUB60AIPJBVIC0007=MEcontroller!null==/?restoreSessionState=true&action=viewProcedure&id=23641"
"23642","True","1","","","","Удмуртская Республика","http://195.161.118.19/fdgko/pers_stor/73843/69722/110-р с изм.197-р и 1417-р.rar","01.01.2023","","","https://rosreestr.gov.ru/wps/portal/p/cc_ib_portal_services/cc_ib_ais_fdgko/!ut/p/z1/04_Sj9CPykssy0xPLMnMz0vMAfIjo8zi3QNNXA2dTQy93UOdzAwcPQO8nMI8nQ0MDMz1w9EUBBqaAxU4ehsaG7obGPgb6keRph9DAUi_AQ7gaADUH4VmBaoLnI0IKAA5kZAlBbmhEQaZnooANTW-bQ!!/p0/IZ7_GQ4E1C41KGUB60AIPJBVIC0080=CZ6_GQ4E1C41KGUB60AIPJBVIC0007=MEcontroller!null==/?restoreSessionState=true&action=viewProcedure&id=23642"
"23381","True","1","","","","Чукотский АО","http://195.161.118.19/fdgko/pers_stor/73349/69081/ЧАО_17.06.2022_66-р.pdf","01.01.2023","","","https://rosreestr.gov.ru/wps/portal/p/cc_ib_portal_services/cc_ib_ais_fdgko/!ut/p/z1/04_Sj9CPykssy0xPLMnMz0vMAfIjo8zi3QNNXA2dTQy93UOdzAwcPQO8nMI8nQ0MDMz1w9EUBBqaAxU4ehsaG7obGPgb6keRph9DAUi_AQ7gaADUH4VmBaoLnI0IKAA5kZAlBbmhEQaZnooANTW-bQ!!/p0/IZ7_GQ4E1C41KGUB60AIPJBVIC0080=CZ6_GQ4E1C41KGUB60AIPJBVIC0007=MEcontroller!null==/?restoreSessionState=true&action=viewProcedure&id=23381"
"23401","True","4","1","","","Ямало-Ненецкий АО","http://195.161.118.19/fdgko/pers_stor/73366/69045/ЯНАО 4-о 22.04.2022.pdf","01.01.2023","19.07.2023","17.08.2023","https://rosreestr.gov.ru/wps/portal/p/cc_ib_portal_services/cc_ib_ais_fdgko/!ut/p/z1/04_Sj9CPykssy0xPLMnMz0vMAfIjo8zi3QNNXA2dTQy93UOdzAwcPQO8nMI8nQ0MDMz1w9EUBBqaAxU4ehsaG7obGPgb6keRph9DAUi_AQ7gaADUH4VmBaoLnI0IKAA5kZAlBbmhEQaZnooANTW-bQ!!/p0/IZ7_GQ4E1C41KGUB60AIPJBVIC0080=CZ6_GQ4E1C41KGUB60AIPJBVIC0007=MEcontroller!null==/?restoreSessionState=true&action=viewProcedure&id=23401"
"23421","True","4","1","","","Ярославская область","http://195.161.118.19/fdgko/pers_stor/73367/69046/Ярославская_07.04.2022_13-н.pdf","01.01.2023","27.07.2023","25.08.2023","https://rosreestr.gov.ru/wps/portal/p/cc_ib_portal_services/cc_ib_ais_fdgko/!ut/p/z1/04_Sj9CPykssy0xPLMnMz0vMAfIjo8zi3QNNXA2dTQy93UOdzAwcPQO8nMI8nQ0MDMz1w9EUBBqaAxU4ehsaG7obGPgb6keRph9DAUi_AQ7gaADUH4VmBaoLnI0IKAA5kZAlBbmhEQaZnooANTW-bQ!!/p0/IZ7_GQ4E1C41KGUB60AIPJBVIC0080=CZ6_GQ4E1C41KGUB60AIPJBVIC0007=MEcontroller!null==/?restoreSessionState=true&action=viewProcedure&id=23421"
"23441","True","1","","","","Республика Алтай","http://195.161.118.19/fdgko/pers_stor/73382/69101/Республика Алтай 25.05.2022 189-од.pdf","01.01.2023","","","https://rosreestr.gov.ru/wps/portal/p/cc_ib_portal_services/cc_ib_ais_fdgko/!ut/p/z1/04_Sj9CPykssy0xPLMnMz0vMAfIjo8zi3QNNXA2dTQy93UOdzAwcPQO8nMI8nQ0MDMz1w9EUBBqaAxU4ehsaG7obGPgb6keRph9DAUi_AQ7gaADUH4VmBaoLnI0IKAA5kZAlBbmhEQaZnooANTW-bQ!!/p0/IZ7_GQ4E1C41KGUB60AIPJBVIC0080=CZ6_GQ4E1C41KGUB60AIPJBVIC0007=MEcontroller!null==/?restoreSessionState=true&action=viewProcedure&id=23441"
"23481","True","4","1","","","Омская область","http://195.161.118.19/fdgko/pers_stor/73422/69141/Омская область 3-п от 22.01.2021.pdf","01.01.2023","24.07.2023","22.08.2023","https://rosreestr.gov.ru/wps/portal/p/cc_ib_portal_services/cc_ib_ais_fdgko/!ut/p/z1/04_Sj9CPykssy0xPLMnMz0vMAfIjo8zi3QNNXA2dTQy93UOdzAwcPQO8nMI8nQ0MDMz1w9EUBBqaAxU4ehsaG7obGPgb6keRph9DAUi_AQ7gaADUH4VmBaoLnI0IKAA5kZAlBbmhEQaZnooANTW-bQ!!/p0/IZ7_GQ4E1C41KGUB60AIPJBVIC0080=CZ6_GQ4E1C41KGUB60AIPJBVIC0007=MEcontroller!null==/?restoreSessionState=true&action=viewProcedure&id=23481"
"23140","True","1","","","","Ульяновская область","http://195.161.118.19/fdgko/pers_stor/73347/69061/Ульяновская обл 28.03.2022 700-од.pdf","01.01.2023","","","https://rosreestr.gov.ru/wps/portal/p/cc_ib_portal_services/cc_ib_ais_fdgko/!ut/p/z1/lZDfC4IwEMf_o-5Wkr2ahFhQllS6l1h1yMA52WZ_f9tjhUj3dtzn-4MDDhXwTrxkI5zUnWj9XvPlLTtGG5ZGbJed10tM8mK7vuQpIsZw_QKOLPZAsmMLliEeGPD_9D9A0OPIJOj1_Cvis0E6nwBCxamQ2peMR0uuEMrg8dCdM7ptyUDdSutO1GvjbDgZsk4bKsla_9fSCUdQOzNQOPZGP-g5GCpEI7tm1ouG9oO6B5859OpcoSyUWi3UG9Vg13c!/p0/IZ7_GQ4E1C41KGUB60AIPJBVIC0080=CZ6_GQ4E1C41KGUB60AIPJBVIC0007=MEcontroller!null==/?restoreSessionState=true&action=viewProcedure&id=23140"
"23129","True","1","","","","Костромская область","http://195.161.118.19/fdgko/pers_stor/73307/68826/Костромская область 46_од от 04.05.2022.pdf","01.01.2023","","","https://rosreestr.gov.ru/wps/portal/p/cc_ib_portal_services/cc_ib_ais_fdgko/!ut/p/z1/lZDbCsIwDIbfyKRuOG_nkKGCToeH9UaqhlFY19F2Pr_tpZMxzF3I9x8IcLgBb8Vb1sJJ3YrG7xVf3PNjvGZZzHb5ebXAdFNsV5dNhogJXAfAkSUeSHcsYjnigQH_T_8DBD2OTIpezwcR3w2y-QQQKk6FVL5kMlpyiVAGj6dundFNQwaqRlp3ok4bZ8PJkHXaUEnW-r-WTjiCypmewrEz-kmv3lAhatnWs07UtO_VI_jE0KnzDWWh1DJSH2MrFY8!/p0/IZ7_GQ4E1C41KGUB60AIPJBVIC0080=CZ6_GQ4E1C41KGUB60AIPJBVIC0007=MEcontroller!null==/?restoreSessionState=true&action=viewProcedure&id=23129"
"22604","True","1","","","","Республика Ингушетия","http://195.161.118.19/fdgko/pers_stor/69184/64503/Ингушетия_29.06.2022_335-р.pdf","01.01.2023","","","https://rosreestr.gov.ru/wps/portal/p/cc_ib_portal_services/cc_ib_ais_fdgko/!ut/p/z1/lZDfC4IwEMf_o-6Wob2ahFRQllS6l1h1yMA52WZ_f9tjhUj3dtzn-4MDDhXwTrxkI5zUnWj9XvP4lh8Xa5Yt2C4_r2JMN8V2ddlkiJjA9Qs4ssQD6Y5FLEc8MOD_6X-AoMeRSdHr-VfEZ4NsPgGEilMhtS-ZjJZcIpTB46E7Z3TbkoG6ldadqNfG2XAyZJ02VJK1_q-lE46gdmagcOyNftBzMFSIRnbNrBcN7Qd1Dz4x9OpcoSyUWkbqDc7ve24!/p0/IZ7_GQ4E1C41KGUB60AIPJBVIC0080=CZ6_GQ4E1C41KGUB60AIPJBVIC0007=MEcontroller!null==/?restoreSessionState=true&action=viewProcedure&id=22604"
"21501","True","1","","","","Чувашская Республика","http://195.161.118.19/fdgko/pers_stor/67461/62721/Чувашия от 18.03.2022 № 236-р.pdf","01.01.2023","","","https://rosreestr.gov.ru/wps/portal/p/cc_ib_portal_services/cc_ib_ais_fdgko/!ut/p/z1/lZDfC4IwEMf_o-5Wkb6ahFhQlli5l1h2yMA52WZ_f9tjRkT3dtzn-4MDDlfgvXjKVjipe9H5vearW3Zcbli6ZLusWq8wyYvt-pyniBjBZQIcWeSBZMcWLEM8MOD_6T-AoMcvk6DX80nEe4N0_gMIFX-F1L5k9LVkjFAGj0b3zuiuIwN1J6070aCNs-FkyDptqCRr_V9LJxxB7cxI4TgY3dBjNFSIVvbtbBAt7Ud1Dz4xDKq6oiyUihfqBU664KU!/p0/IZ7_GQ4E1C41KGUB60AIPJBVIC0080=CZ6_GQ4E1C41KGUB60AIPJBVIC0007=MEcontroller!null==/?restoreSessionState=true&action=viewProcedure&id=21501"
"23134","True","1","","","","Республика Коми","http://195.161.118.19/fdgko/pers_stor/73314/68833/ГКО 2023 32Д в изм. 19-од.rar","01.01.2023","","","https://rosreestr.gov.ru/wps/portal/p/cc_ib_portal_services/cc_ib_ais_fdgko/!ut/p/z1/lZDfC4IwEMf_o-6Wkb2qhFhQlli5l1h2yMA52WZ_f9tjRUT3dtzn-4MDDhfgg3jITjipB9H7veHLa35YrFm2YNu8TpeYFOUmPRUZIsZwfgMOLPZAsmURyxH3DPh_-g8g6PHLJOj1_C3itUE2_wGEir9CGl8y_lpyhVAFj1YPzui-JwNNL6070qiNs-FkyDptqCJr_V8rJxxB48xE4Tga3dJ9MlSKTg7dbBQd7SZ1Cz4RjKq-oCyVWkXqCaOB2Oo!/p0/IZ7_GQ4E1C41KGUB60AIPJBVIC0080=CZ6_GQ4E1C41KGUB60AIPJBVIC0007=MEcontroller!null==/?restoreSessionState=true&action=viewProcedure&id=23134"
"18801","True","1","","","","Астраханская область","http://195.161.118.19/fdgko/pers_stor/63622/58702/15.03.21 187 Астраханская обл ГКО 2022,2023.pdf","01.01.2023","","","https://rosreestr.gov.ru/wps/portal/p/cc_ib_portal_services/cc_ib_ais_fdgko/!ut/p/z1/lZDbCsIwDIbfyKROnbfbkKGCToeH9UaqhlFY19F2Pr_tpRMZ5i7k-w8EOFyBt-Ila-GkbkXj94ovbvlhtmLZjG3zU7rAZF1s0vM6Q8QYLgPgwGIPJFsWsRxxz4D_p_8Cgh5_TIJezwcRnw2y6QgQKo6FVL5k_LPkEqEMHg_dOqObhgxUjbTuSJ02zoaTIeu0oZKs9X8tnXAElTM9hWNn9IOevaFC1LKtJ52oadere_Bhc-jU6YqyUGoZqTdq_16V/p0/IZ7_GQ4E1C41KGUB60AIPJBVIC0080=CZ6_GQ4E1C41KGUB60AIPJBVIC0007=MEcontroller!null==/?restoreSessionState=true&action=viewProcedure&id=18801"
"19501","True","1","","","","Ленинградская область","http://195.161.118.19/fdgko/pers_stor/64304/59441/05.04.2021 168-р Ленинградская обл ГКО 2023.pdf","01.01.2023","","","https://rosreestr.gov.ru/wps/portal/p/cc_ib_portal_services/cc_ib_ais_fdgko/!ut/p/z1/lZDfC4IwEMf_o-5Wkr2ahFhQllS6l1h1yMA52WZ_f9tjhUj3dtzn-4MDDhXwTrxkI5zUnWj9XvPlLTtGG5ZGbJed10tM8mK7vuQpIsZw_QKOLPZAsmMLliEeGPD_9D9A0OPIJOj1_Cvis0E6nwBCxamQ2peMR0uuEMrg8dCdM7ptyUDdSutO1GvjbDgZsk4bKsla_9fSCUdQOzNQOPZGP-g5GCpEI7tm1ouG9oO6Bx82h16dK5SFUquFegOqVZPw/p0/IZ7_GQ4E1C41KGUB60AIPJBVIC0080=CZ6_GQ4E1C41KGUB60AIPJBVIC0007=MEcontroller!null==/?restoreSessionState=true&action=viewProcedure&id=19501"
"20941","True","1","","","","Республика Бурятия","http://195.161.118.19/fdgko/pers_stor/67081/62321/Бурятия 2 от 13.01.2022.pdf","01.01.2023","","","https://rosreestr.gov.ru/wps/portal/p/cc_ib_portal_services/cc_ib_ais_fdgko/!ut/p/z1/lZDbCsIwDIbfyKQqm15uQ4YOdDo8rDdSNYzCuo628_ltL52ImLuQ7z8Q4HAB3omnbISTuhOt32seXfP9fMWyOSvyYxphsi436WmdIWIM5xGwZ7EHkoLNWI64Y8D_038AQY9fJkGv56OI9wbZ9AcQKv4KqX3J-GvJBUIVPO66c0a3LRmoW2ndgXptnA0nQ9ZpQxVZ6_9aOeEIamcGCsfe6Ds9BkOlaGTXTHrR0HZQt-CzhF4dLyhLpRYz9QI4W-84/p0/IZ7_GQ4E1C41KGUB60AIPJBVIC0080=CZ6_GQ4E1C41KGUB60AIPJBVIC0007=MEcontroller!null==/?restoreSessionState=true&action=viewProcedure&id=20941"
"17042","True","1","","","","Республика Тыва","http://195.161.118.19/fdgko/pers_stor/62561/57521/93 от 21.12.2020.pdf","01.01.2023","","","https://rosreestr.gov.ru/wps/portal/p/cc_ib_portal_services/cc_ib_ais_fdgko/!ut/p/z1/lZDfC4IwEMf_o-5Wkr2ahFhQllS6l1h1yMA52WZ_f9tjhUj3dtzn-4MDDhXwTrxkI5zUnWj9XvPlLTtGG5ZGbJed10tM8mK7vuQpIsZw_QKOLPZAsmMLliEeGPD_9D9A0OPIJOj1_Cvis0E6nwBCxamQ2peMR0uuEMrg8dCdM7ptyUDdSutO1GvjbDgZsk4bKsla_9fSCUdQOzNQOPZGP-g5GCpEI7tm1ouG9oO6B585Qq_OFcpCqdVCvQF--4AA/p0/IZ7_GQ4E1C41KGUB60AIPJBVIC0080=CZ6_GQ4E1C41KGUB60AIPJBVIC0007=MEcontroller!null==/?restoreSessionState=true&action=viewProcedure&id=17042"
"10442","True","0","","Государственная кадастровая оценка отменена","","Хабаровский край","http://195.161.118.19/fdgko/pers_stor/56381/51322/2019 08 02_1434.pdf","","","","https://rosreestr.gov.ru/wps/portal/p/cc_ib_portal_services/cc_ib_ais_fdgko/!ut/p/z1/lZDfC4IwEMf_o-6Wkb2ahFRQllS6l1h1yMA52WZ_f9tjhkj3dtzn-4MDDiXwVrxlLZzUrWj8XvHlPTstNixdsH12WS8x2ea79XWbImIMtwFwYrEHkj2LWIZ4ZMD_0_8AQY8jk6DX80HEd4N0PgGEilMhlS8Zj5ZcIRTB46lbZ3TTkIGqkdadqdPG2XAyZJ02VJC1_q-FE46gcqancOyMftKrN5SLWrb1rBM1HXr1CD4Rg05dSpS5UqtIfQDgwXQk/p0/IZ7_GQ4E1C41KGUB60AIPJBVIC0080=CZ6_GQ4E1C41KGUB60AIPJBVIC0007=MEcontroller!null==/?restoreSessionState=true&action=viewProcedure&id=10442"
"10461","True","0","","Государственная кадастровая оценка отменена","","Хабаровский край","http://195.161.118.19/fdgko/pers_stor/56382/51323/2019 08 02_1434.pdf","","","","https://rosreestr.gov.ru/wps/portal/p/cc_ib_portal_services/cc_ib_ais_fdgko/!ut/p/z1/lZDfC4IwEMf_o-6Wkb2qhFhQlli5l1h2yMA52WZ_f9tjRUT3dtzn-4MDDhfgg3jITjipB9H7veHLa35YrFm2YNu8TpeYFOUmPRUZIsZwfgMOLPZAsmURyxH3DPh_-g8g6PHLJOj1_C3itUE2_wGEir9CGl8y_lpyhVAFj1YPzui-JwNNL6070qiNs-FkyDptqCJr_V8rJxxB48xE4Tga3dJ9MlSKTg7dbBQd7SZ1Cz4RwqjqC8pSqVWknpYge7k!/p0/IZ7_GQ4E1C41KGUB60AIPJBVIC0080=CZ6_GQ4E1C41KGUB60AIPJBVIC0007=MEcontroller!null==/?restoreSessionState=true&action=viewProcedure&id=10461"
"18461","True","1","","","","Тверская область","http://195.161.118.19/fdgko/pers_stor/62945/57982/Тверская область  338 в редакции 875.zip","01.01.2023","","","https://rosreestr.gov.ru/wps/portal/p/cc_ib_portal_services/cc_ib_ais_fdgko/!ut/p/z1/lZDfC4IwEMf_o-6Wob2ahFRQllS6l1h1yMA52WZ_f9tjhUj3dtzn-4MDDhXwTrxkI5zUnWj9XvP4lh8Xa5Yt2C4_r2JMN8V2ddlkiJjA9Qs4ssQD6Y5FLEc8MOD_6X-AoMeRSdHr-VfEZ4NsPgGEilMhtS-ZjJZcIpTB46E7Z3TbkoG6ldadqNfG2XAyZJ02VJK1_q-lE46gdmagcOyNftBzMFSIRnbNrBcN7Qd1Dz4shl6dK5SFUstIvQGx2j_p/p0/IZ7_GQ4E1C41KGUB60AIPJBVIC0080=CZ6_GQ4E1C41KGUB60AIPJBVIC0007=MEcontroller!null==/?restoreSessionState=true&action=viewProcedure&id=18461"
"19201","True","1","","","","Магаданская область","http://195.161.118.19/fdgko/pers_stor/63982/59062/12.03.2021 129-23 Магаданская обл 2022, 2023.pdf","01.01.2023","","","https://rosreestr.gov.ru/wps/portal/p/cc_ib_portal_services/cc_ib_ais_fdgko/!ut/p/z1/lZDfC4IwEMf_o-6Wkb2ahFRQllS6l1h1yMA52WZ_f9tjhkj3dtzn-4MDDiXwVrxlLZzUrWj8XvHlPTstNixdsH12WS8x2ea79XWbImIMtwFwYrEHkj2LWIZ4ZMD_0_8AQY8jk6DX80HEd4N0PgGEilMhlS8Zj5ZcIRTB46lbZ3TTkIGqkdadqdPG2XAyZJ02VJC1_q-FE46gcqancOyMftKrN5SLWrb1rBM1HXr1CD4sgk5dSpS5UqtIfQDctJxt/p0/IZ7_GQ4E1C41KGUB60AIPJBVIC0080=CZ6_GQ4E1C41KGUB60AIPJBVIC0007=MEcontroller!null==/?restoreSessionState=true&action=viewProcedure&id=19201"
"19301","True","1","","","","Хабаровский край","http://195.161.118.19/fdgko/pers_stor/64081/59161/07.04.21 324 Хабаровский край гко 2023.pdf","01.01.2023","","","https://rosreestr.gov.ru/wps/portal/p/cc_ib_portal_services/cc_ib_ais_fdgko/!ut/p/z1/lZDfC4IwEMf_o-6Wkb2ahFRQllS6l1h1yMA52WZ_f9tjhkj3dtzn-4MDDiXwVrxlLZzUrWj8XvHlPTstNixdsH12WS8x2ea79XWbImIMtwFwYrEHkj2LWIZ4ZMD_0_8AQY8jk6DX80HEd4N0PgGEilMhlS8Zj5ZcIRTB46lbZ3TTkIGqkdadqdPG2XAyZJ02VJC1_q-FE46gcqancOyMftKrN5SLWrb1rBM1HXr1CD4sgk5dSpS5UqtIfQDctJxt/p0/IZ7_GQ4E1C41KGUB60AIPJBVIC0080=CZ6_GQ4E1C41KGUB60AIPJBVIC0007=MEcontroller!null==/?restoreSessionState=true&action=viewProcedure&id=19301"
"20081","True","1","","","","Ивановская область","http://195.161.118.19/fdgko/pers_stor/64841/59961/Ивановская_Решение_135 от 17.06.2021.pdf","01.01.2023","","","https://rosreestr.gov.ru/wps/portal/p/cc_ib_portal_services/cc_ib_ais_fdgko/!ut/p/z1/lZDfC4IwEMf_o-6Wkb2ahFhQllS6l1h1yMA52WZ_f9tjhUj3dtzn-4MDDhXwTrxkI5zUnWj9XvPlLTsuNixdsF12Xi8xyYvt-pKniBjD9Qs4stgDyY5FLEM8MOD_6X-AoMeRSdDr-VfEZ4N0PgGEilMhtS8Zj5ZcIZTB46E7Z3TbkoG6ldadqNfG2XAyZJ02VJK1_q-lE46gdmagcOyNftBzMFSIRnbNrBcN7Qd1Dz4MoVfnCmWh1CpSbweR_RE!/p0/IZ7_GQ4E1C41KGUB60AIPJBVIC0080=CZ6_GQ4E1C41KGUB60AIPJBVIC0007=MEcontroller!null==/?restoreSessionState=true&action=viewProcedure&id=20081"
"20601","True","1","","","","Мурманская область","http://195.161.118.19/fdgko/pers_stor/65641/60781/Мурманская область_2954_07.10.2021.pdf","01.01.2023","28.07.2023","26.08.2023","https://rosreestr.gov.ru/wps/portal/p/cc_ib_portal_services/cc_ib_ais_fdgko/!ut/p/z1/lZDbCsIwDIbfyKQqm15uQ4YOdDo8rDdSNYzCuo628_ltL52ImLuQ7z8Q4HAB3omnbISTuhOt32seXfP9fMWyOSvyYxphsi436WmdIWIM5xGwZ7EHkoLNWI64Y8D_038AQY9fJkGv56OI9wbZ9AcQKv4KqX3J-GvJBUIVPO66c0a3LRmoW2ndgXptnA0nQ9ZpQxVZ6_9aOeEIamcGCsfe6Ds9BkOlaGTXTHrR0HZQt-CzhF4dLyhLpRYz9QI4W-84/p0/IZ7_GQ4E1C41KGUB60AIPJBVIC0080=CZ6_GQ4E1C41KGUB60AIPJBVIC0007=MEcontroller!null==/?restoreSessionState=true&action=viewProcedure&id=20601"
"20641","True","1","","","","Новосибирская область","http://195.161.118.19/fdgko/pers_stor/65861/61001/Новосибирская обл_Решение 2023_от 21.10.2021 3894.pdf","01.01.2023","","","https://rosreestr.gov.ru/wps/portal/p/cc_ib_portal_services/cc_ib_ais_fdgko/!ut/p/z1/lZDbCsIwDIbfyKQqm15uQ4YOdDo8rDdSNYzCuo628_ltL52ImLuQ7z8Q4HAB3omnbISTuhOt32seXfP9fMWyOSvyYxphsi436WmdIWIM5xGwZ7EHkoLNWI64Y8D_038AQY9fJkGv56OI9wbZ9AcQKv4KqX3J-GvJBUIVPO66c0a3LRmoW2ndgXptnA0nQ9ZpQxVZ6_9aOeEIamcGCsfe6Ds9BkOlaGTXTHrR0HZQt-CzhF4dLyhLpRYz9QI4W-84/p0/IZ7_GQ4E1C41KGUB60AIPJBVIC0080=CZ6_GQ4E1C41KGUB60AIPJBVIC0007=MEcontroller!null==/?restoreSessionState=true&action=viewProcedure&id=20641"
"21021","True","4","","","","Республика Башкортостан","http://195.161.118.19/fdgko/pers_stor/67181/62421/Приказ ГКО 2023 РБашкортостан.pdf","01.01.2023","11.07.2023","09.08.2023","https://rosreestr.gov.ru/wps/portal/p/cc_ib_portal_services/cc_ib_ais_fdgko/!ut/p/z1/lZDfC4IwEMf_o-5Wkb6ahFhQlli5l1h2yMA52WZ_f9tjRkT3dtzn-4MDDlfgvXjKVjipe9H5vearW3Zcbli6ZLusWq8wyYvt-pyniBjBZQIcWeSBZMcWLEM8MOD_6T-AoMcvk6DX80nEe4N0_gMIFX-F1L5k9LVkjFAGj0b3zuiuIwN1J6070aCNs-FkyDptqCRr_V9LJxxB7cxI4TgY3dBjNFSIVvbtbBAt7Ud1Dz4xDKq6oiyUihfqBU664KU!/p0/IZ7_GQ4E1C41KGUB60AIPJBVIC0080=CZ6_GQ4E1C41KGUB60AIPJBVIC0007=MEcontroller!null==/?restoreSessionState=true&action=viewProcedure&id=21021"
"21061","True","1","","","","Республика Марий Эл","http://195.161.118.19/fdgko/pers_stor/67201/62441/Марий Эл 112 от 31.01.2022.pdf","01.01.2023","","","https://rosreestr.gov.ru/wps/portal/p/cc_ib_portal_services/cc_ib_ais_fdgko/!ut/p/z1/lZDfC4IwEMf_o-5Wkb6ahFhQlli5l1h2yMA52WZ_f9tjRkT3dtzn-4MDDlfgvXjKVjipe9H5vearW3Zcbli6ZLusWq8wyYvt-pyniBjBZQIcWeSBZMcWLEM8MOD_6T-AoMcvk6DX80nEe4N0_gMIFX-F1L5k9LVkjFAGj0b3zuiuIwN1J6070aCNs-FkyDptqCRr_V9LJxxB7cxI4TgY3dBjNFSIVvbtbBAt7Ud1Dz4xDKq6oiyUihfqBU664KU!/p0/IZ7_GQ4E1C41KGUB60AIPJBVIC0080=CZ6_GQ4E1C41KGUB60AIPJBVIC0007=MEcontroller!null==/?restoreSessionState=true&action=viewProcedure&id=21061"
"21081","True","1","","","","Пермский край","http://195.161.118.19/fdgko/pers_stor/67241/62481/Пермский край_31-02-1-4-284 от 24.02.2022.pdf","01.01.2023","","","https://rosreestr.gov.ru/wps/portal/p/cc_ib_portal_services/cc_ib_ais_fdgko/!ut/p/z1/lZDfC4IwEMf_o-5Wkb6ahFhQlli5l1h2yMA52WZ_f9tjRkT3dtzn-4MDDlfgvXjKVjipe9H5vearW3Zcbli6ZLusWq8wyYvt-pyniBjBZQIcWeSBZMcWLEM8MOD_6T-AoMcvk6DX80nEe4N0_gMIFX-F1L5k9LVkjFAGj0b3zuiuIwN1J6070aCNs-FkyDptqCRr_V9LJxxB7cxI4TgY3dBjNFSIVvbtbBAt7Ud1Dz4xDKq6oiyUihfqBU664KU!/p0/IZ7_GQ4E1C41KGUB60AIPJBVIC0080=CZ6_GQ4E1C41KGUB60AIPJBVIC0007=MEcontroller!null==/?restoreSessionState=true&action=viewProcedure&id=21081"
"21082","True","1","","","","Тамбовская область","http://195.161.118.19/fdgko/pers_stor/67261/62501/Тамбовская область 33 от 31.01.2022.pdf","01.01.2023","","","https://rosreestr.gov.ru/wps/portal/p/cc_ib_portal_services/cc_ib_ais_fdgko/!ut/p/z1/lZDfC4IwEMf_o-5Wkb6ahFhQlli5l1h2yMA52WZ_f9tjRkT3dtzn-4MDDlfgvXjKVjipe9H5vearW3Zcbli6ZLusWq8wyYvt-pyniBjBZQIcWeSBZMcWLEM8MOD_6T-AoMcvk6DX80nEe4N0_gMIFX-F1L5k9LVkjFAGj0b3zuiuIwN1J6070aCNs-FkyDptqCRr_V9LJxxB7cxI4TgY3dBjNFSIVvbtbBAt7Ud1Dz4xDKq6oiyUihfqBU664KU!/p0/IZ7_GQ4E1C41KGUB60AIPJBVIC0080=CZ6_GQ4E1C41KGUB60AIPJBVIC0007=MEcontroller!null==/?restoreSessionState=true&action=viewProcedure&id=21082"
"21121","True","1","","","","Нижегородская область","http://195.161.118.19/fdgko/pers_stor/67282/62541/Нижегородская область 326-11-76863_22 от 08.02.2022.pdf","01.01.2023","","","https://rosreestr.gov.ru/wps/portal/p/cc_ib_portal_services/cc_ib_ais_fdgko/!ut/p/z1/lZDfC4IwEMf_o-5Wkb6ahFhQlli5l1h2yMA52WZ_f9tjRkT3dtzn-4MDDlfgvXjKVjipe9H5vearW3Zcbli6ZLusWq8wyYvt-pyniBjBZQIcWeSBZMcWLEM8MOD_6T-AoMcvk6DX80nEe4N0_gMIFX-F1L5k9LVkjFAGj0b3zuiuIwN1J6070aCNs-FkyDptqCRr_V9LJxxB7cxI4TgY3dBjNFSIVvbtbBAt7Ud1Dz4xDKq6oiyUihfqBU664KU!/p0/IZ7_GQ4E1C41KGUB60AIPJBVIC0080=CZ6_GQ4E1C41KGUB60AIPJBVIC0007=MEcontroller!null==/?restoreSessionState=true&action=viewProcedure&id=21121"
"21141","True","1","","","","Республика Карелия","http://195.161.118.19/fdgko/pers_stor/67321/62581/Приказ ГКО 2023 РКарелия.pdf","01.01.2023","","","https://rosreestr.gov.ru/wps/portal/p/cc_ib_portal_services/cc_ib_ais_fdgko/!ut/p/z1/lZDfC4IwEMf_o-5Wkb6ahFhQlli5l1h2yMA52WZ_f9tjRkT3dtzn-4MDDlfgvXjKVjipe9H5vearW3Zcbli6ZLusWq8wyYvt-pyniBjBZQIcWeSBZMcWLEM8MOD_6T-AoMcvk6DX80nEe4N0_gMIFX-F1L5k9LVkjFAGj0b3zuiuIwN1J6070aCNs-FkyDptqCRr_V9LJxxB7cxI4TgY3dBjNFSIVvbtbBAt7Ud1Dz4xDKq6oiyUihfqBU664KU!/p0/IZ7_GQ4E1C41KGUB60AIPJBVIC0080=CZ6_GQ4E1C41KGUB60AIPJBVIC0007=MEcontroller!null==/?restoreSessionState=true&action=viewProcedure&id=21141"
"21281","True","4","1","","","Республика Адыгея","http://195.161.118.19/fdgko/pers_stor/67441/62701/Адыгея 50 от 28.02.2022.pdf","01.01.2023","24.07.2023","22.08.2023","https://rosreestr.gov.ru/wps/portal/p/cc_ib_portal_services/cc_ib_ais_fdgko/!ut/p/z1/lZDfC4IwEMf_o-5Wkb6ahFhQlli5l1h2yMA52WZ_f9tjRkT3dtzn-4MDDlfgvXjKVjipe9H5vearW3Zcbli6ZLusWq8wyYvt-pyniBjBZQIcWeSBZMcWLEM8MOD_6T-AoMcvk6DX80nEe4N0_gMIFX-F1L5k9LVkjFAGj0b3zuiuIwN1J6070aCNs-FkyDptqCRr_V9LJxxB7cxI4TgY3dBjNFSIVvbtbBAt7Ud1Dz4xDKq6oiyUihfqBU664KU!/p0/IZ7_GQ4E1C41KGUB60AIPJBVIC0080=CZ6_GQ4E1C41KGUB60AIPJBVIC0007=MEcontroller!null==/?restoreSessionState=true&action=viewProcedure&id=21281"
"21301","True","1","","","","Республика Татарстан","http://195.161.118.19/fdgko/pers_stor/67421/62681/Татарстан_2023_540-р от 21.02.2022.pdf","01.01.2023","","","https://rosreestr.gov.ru/wps/portal/p/cc_ib_portal_services/cc_ib_ais_fdgko/!ut/p/z1/lZDfC4IwEMf_o-5Wkb6ahFhQlli5l1h2yMA52WZ_f9tjRkT3dtzn-4MDDlfgvXjKVjipe9H5vearW3Zcbli6ZLusWq8wyYvt-pyniBjBZQIcWeSBZMcWLEM8MOD_6T-AoMcvk6DX80nEe4N0_gMIFX-F1L5k9LVkjFAGj0b3zuiuIwN1J6070aCNs-FkyDptqCRr_V9LJxxB7cxI4TgY3dBjNFSIVvbtbBAt7Ud1Dz4xDKq6oiyUihfqBU664KU!/p0/IZ7_GQ4E1C41KGUB60AIPJBVIC0080=CZ6_GQ4E1C41KGUB60AIPJBVIC0007=MEcontroller!null==/?restoreSessionState=true&action=viewProcedure&id=21301"
"21581","True","1","","","","Липецкая область","http://195.161.118.19/fdgko/pers_stor/67642/62901/Липецкая_Приказ №35 от 23.03.2022.pdf","01.01.2023","","","https://rosreestr.gov.ru/wps/portal/p/cc_ib_portal_services/cc_ib_ais_fdgko/!ut/p/z1/lZDbCsIwDIbfyKRONm_nkDEFnQ4P643UGUZhXUfb-fy2lypDzF3I9x8IcLgC78VTtsJJ3YvO7zWPb_lhsWbZgm3z0yrGtCg3q3ORIWIClw_gwBIPpFsWsRxxz4D_p_8Cgh4nJkWv5x8R7w2y-Q8gVPwVUvuSyWTJJUIVPBrdO6O7jgzUnbTuSIM2zoaTIeu0oYqs9X-tnHAEtTMjheNgdEOP0VApWtm3s0G0tBvVPfgkMKjTFWWp1DJSL7gOdPM!/p0/IZ7_GQ4E1C41KGUB60AIPJBVIC0080=CZ6_GQ4E1C41KGUB60AIPJBVIC0007=MEcontroller!null==/?restoreSessionState=true&action=viewProcedure&id=21581"
"21621","True","4","","","","Краснодарский край","http://195.161.118.19/fdgko/pers_stor/67762/63021/Краснодарский край 659 от 21.03.2022.pdf","01.01.2023","04.07.2023","02.08.2023","https://rosreestr.gov.ru/wps/portal/p/cc_ib_portal_services/cc_ib_ais_fdgko/!ut/p/z1/lZDbCsIwDIbfyKRONm_nkDEFnQ4P643UGUZhXUfb-fy2lypDzF3I9x8IcLgC78VTtsJJ3YvO7zWPb_lhsWbZgm3z0yrGtCg3q3ORIWIClw_gwBIPpFsWsRxxz4D_p_8Cgh4nJkWv5x8R7w2y-Q8gVPwVUvuSyWTJJUIVPBrdO6O7jgzUnbTuSIM2zoaTIeu0oYqs9X-tnHAEtTMjheNgdEOP0VApWtm3s0G0tBvVPfgkMKjTFWWp1DJSL7gOdPM!/p0/IZ7_GQ4E1C41KGUB60AIPJBVIC0080=CZ6_GQ4E1C41KGUB60AIPJBVIC0007=MEcontroller!null==/?restoreSessionState=true&action=viewProcedure&id=21621"
"21641","True","1","","","","Алтайский край","http://195.161.118.19/fdgko/pers_stor/67822/63081/Алтайский край_383_14.04.2022.pdf","01.01.2023","","","https://rosreestr.gov.ru/wps/portal/p/cc_ib_portal_services/cc_ib_ais_fdgko/!ut/p/z1/lZDbCsIwDIbfyKRONm_nkDEFnQ4P643UGUZhXUfb-fy2lypDzF3I9x8IcLgC78VTtsJJ3YvO7zWPb_lhsWbZgm3z0yrGtCg3q3ORIWIClw_gwBIPpFsWsRxxz4D_p_8Cgh4nJkWv5x8R7w2y-Q8gVPwVUvuSyWTJJUIVPBrdO6O7jgzUnbTuSIM2zoaTIeu0oYqs9X-tnHAEtTMjheNgdEOP0VApWtm3s0G0tBvVPfgkMKjTFWWp1DJSL7gOdPM!/p0/IZ7_GQ4E1C41KGUB60AIPJBVIC0080=CZ6_GQ4E1C41KGUB60AIPJBVIC0007=MEcontroller!null==/?restoreSessionState=true&action=viewProcedure&id=21641"
"21741","True","1","","","","Амурская область","http://195.161.118.19/fdgko/pers_stor/67882/63141/Амурская 12.04.2022 146-р.pdf","01.01.2023","","","https://rosreestr.gov.ru/wps/portal/p/cc_ib_portal_services/cc_ib_ais_fdgko/!ut/p/z1/lZDbCsIwDIbfyKRONm_nkDEFnQ4P643UGUZhXUfb-fy2lypDzF3I9x8IcLgC78VTtsJJ3YvO7zWPb_lhsWbZgm3z0yrGtCg3q3ORIWIClw_gwBIPpFsWsRxxz4D_p_8Cgh4nJkWv5x8R7w2y-Q8gVPwVUvuSyWTJJUIVPBrdO6O7jgzUnbTuSIM2zoaTIeu0oYqs9X-tnHAEtTMjheNgdEOP0VApWtm3s0G0tBvVPfgkMKjTFWWp1DJSL7gOdPM!/p0/IZ7_GQ4E1C41KGUB60AIPJBVIC0080=CZ6_GQ4E1C41KGUB60AIPJBVIC0007=MEcontroller!null==/?restoreSessionState=true&action=viewProcedure&id=21741"
"21781","True","1","","","","Ненецкий АО","http://195.161.118.19/fdgko/pers_stor/67922/63181/Приказ 5 от 04.05.2022.pdf","01.01.2023","","","https://rosreestr.gov.ru/wps/portal/p/cc_ib_portal_services/cc_ib_ais_fdgko/!ut/p/z1/lZDbCsIwDIbfyKRONm_nkDEFnQ4P643UGUZhXUfb-fy2lypDzF3I9x8IcLgC78VTtsJJ3YvO7zWPb_lhsWbZgm3z0yrGtCg3q3ORIWIClw_gwBIPpFsWsRxxz4D_p_8Cgh4nJkWv5x8R7w2y-Q8gVPwVUvuSyWTJJUIVPBrdO6O7jgzUnbTuSIM2zoaTIeu0oYqs9X-tnHAEtTMjheNgdEOP0VApWtm3s0G0tBvVPfgkMKjTFWWp1DJSL7gOdPM!/p0/IZ7_GQ4E1C41KGUB60AIPJBVIC0080=CZ6_GQ4E1C41KGUB60AIPJBVIC0007=MEcontroller!null==/?restoreSessionState=true&action=viewProcedure&id=21781"
"21841","True","1","","","","Республика Дагестан","http://195.161.118.19/fdgko/pers_stor/68002/63261/Приказ №55 от 12 апреля 2022.pdf","01.01.2023","","","https://rosreestr.gov.ru/wps/portal/p/cc_ib_portal_services/cc_ib_ais_fdgko/!ut/p/z1/lZDbCsIwDIbfyKRONm_nkDEFnQ4P643UGUZhXUfb-fy2lypDzF3I9x8IcLgC78VTtsJJ3YvO7zWPb_lhsWbZgm3z0yrGtCg3q3ORIWIClw_gwBIPpFsWsRxxz4D_p_8Cgh4nJkWv5x8R7w2y-Q8gVPwVUvuSyWTJJUIVPBrdO6O7jgzUnbTuSIM2zoaTIeu0oYqs9X-tnHAEtTMjheNgdEOP0VApWtm3s0G0tBvVPfgkMKjTFWWp1DJSL7gOdPM!/p0/IZ7_GQ4E1C41KGUB60AIPJBVIC0080=CZ6_GQ4E1C41KGUB60AIPJBVIC0007=MEcontroller!null==/?restoreSessionState=true&action=viewProcedure&id=21841"
"21861","True","1","","","","Самарская область","http://195.161.118.19/fdgko/pers_stor/68004/63263/Приказ 755 от 05 мая 2022.pdf","01.01.2023","","","https://rosreestr.gov.ru/wps/portal/p/cc_ib_portal_services/cc_ib_ais_fdgko/!ut/p/z1/lZDbCsIwDIbfyKRONm_nkDEFnQ4P643UGUZhXUfb-fy2lypDzF3I9x8IcLgC78VTtsJJ3YvO7zWPb_lhsWbZgm3z0yrGtCg3q3ORIWIClw_gwBIPpFsWsRxxz4D_p_8Cgh4nJkWv5x8R7w2y-Q8gVPwVUvuSyWTJJUIVPBrdO6O7jgzUnbTuSIM2zoaTIeu0oYqs9X-tnHAEtTMjheNgdEOP0VApWtm3s0G0tBvVPfgkMKjTFWWp1DJSL7gOdPM!/p0/IZ7_GQ4E1C41KGUB60AIPJBVIC0080=CZ6_GQ4E1C41KGUB60AIPJBVIC0007=MEcontroller!null==/?restoreSessionState=true&action=viewProcedure&id=21861"
"21961","True","4","1","","","Воронежская область","http://195.161.118.19/fdgko/pers_stor/68122/63381/Воронежская обл. 1142 от 11.05.2022.pdf","01.01.2023","14.07.2023","12.08.2023","https://rosreestr.gov.ru/wps/portal/p/cc_ib_portal_services/cc_ib_ais_fdgko/!ut/p/z1/lZDfC4IwEMf_o-6Wob2ahFRQllS6l1h1yMA52WZ_f9tjhUj3dtzn-4MDDhXwTrxkI5zUnWj9XvP4lh8Xa5Yt2C4_r2JMN8V2ddlkiJjA9Qs4ssQD6Y5FLEc8MOD_6X-AoMeRSdHr-VfEZ4NsPgGEilMhtS-ZjJZcIpTB46E7Z3TbkoG6ldadqNfG2XAyZJ02VJK1_q-lE46gdmagcOyNftBzMFSIRnbNrBcN7Qd1Dz4x9OpcoSyUWkbqDc7ve24!/p0/IZ7_GQ4E1C41KGUB60AIPJBVIC0080=CZ6_GQ4E1C41KGUB60AIPJBVIC0007=MEcontroller!null==/?restoreSessionState=true&action=viewProcedure&id=21961"
"22001","True","1","","","","Республика Крым","http://195.161.118.19/fdgko/pers_stor/68182/63441/Крым от 24.05.2022 № 2780.pdf","01.01.2023","","","https://rosreestr.gov.ru/wps/portal/p/cc_ib_portal_services/cc_ib_ais_fdgko/!ut/p/z1/lZDfC4IwEMf_o-6Wob2ahFRQllS6l1h1yMA52WZ_f9tjhUj3dtzn-4MDDhXwTrxkI5zUnWj9XvP4lh8Xa5Yt2C4_r2JMN8V2ddlkiJjA9Qs4ssQD6Y5FLEc8MOD_6X-AoMeRSdHr-VfEZ4NsPgGEilMhtS-ZjJZcIpTB46E7Z3TbkoG6ldadqNfG2XAyZJ02VJK1_q-lE46gdmagcOyNftBzMFSIRnbNrBcN7Qd1Dz4x9OpcoSyUWkbqDc7ve24!/p0/IZ7_GQ4E1C41KGUB60AIPJBVIC0080=CZ6_GQ4E1C41KGUB60AIPJBVIC0007=MEcontroller!null==/?restoreSessionState=true&action=viewProcedure&id=22001"
"22061","True","1","","","","Кабардино-Балкарская Республика","http://195.161.118.19/fdgko/pers_stor/68222/63481/Приказ КБР от 30.05.2022 72.pdf","01.01.2023","","","https://rosreestr.gov.ru/wps/portal/p/cc_ib_portal_services/cc_ib_ais_fdgko/!ut/p/z1/lZDfC4IwEMf_o-6Wob2ahFRQllS6l1h1yMA52WZ_f9tjhUj3dtzn-4MDDhXwTrxkI5zUnWj9XvP4lh8Xa5Yt2C4_r2JMN8V2ddlkiJjA9Qs4ssQD6Y5FLEc8MOD_6X-AoMeRSdHr-VfEZ4NsPgGEilMhtS-ZjJZcIpTB46E7Z3TbkoG6ldadqNfG2XAyZJ02VJK1_q-lE46gdmagcOyNftBzMFSIRnbNrBcN7Qd1Dz4x9OpcoSyUWkbqDc7ve24!/p0/IZ7_GQ4E1C41KGUB60AIPJBVIC0080=CZ6_GQ4E1C41KGUB60AIPJBVIC0007=MEcontroller!null==/?restoreSessionState=true&action=viewProcedure&id=22061"
"22121","True","1","","","","Карачаево-Черкесская Республика","http://195.161.118.19/fdgko/pers_stor/68282/63541/Приказ КЧР 18.05.2022 165.pdf","01.01.2023","","","https://rosreestr.gov.ru/wps/portal/p/cc_ib_portal_services/cc_ib_ais_fdgko/!ut/p/z1/lZDfC4IwEMf_o-6Wob2ahFRQllS6l1h1yMA52WZ_f9tjhUj3dtzn-4MDDhXwTrxkI5zUnWj9XvP4lh8Xa5Yt2C4_r2JMN8V2ddlkiJjA9Qs4ssQD6Y5FLEc8MOD_6X-AoMeRSdHr-VfEZ4NsPgGEilMhtS-ZjJZcIpTB46E7Z3TbkoG6ldadqNfG2XAyZJ02VJK1_q-lE46gdmagcOyNftBzMFSIRnbNrBcN7Qd1Dz4x9OpcoSyUWkbqDc7ve24!/p0/IZ7_GQ4E1C41KGUB60AIPJBVIC0080=CZ6_GQ4E1C41KGUB60AIPJBVIC0007=MEcontroller!null==/?restoreSessionState=true&action=viewProcedure&id=22121"
"22482","True","4","","","","Владимирская область","http://195.161.118.19/fdgko/pers_stor/69142/64461/Владимирская обл. от 24.06.2022 №32.pdf","01.01.2023","06.07.2023","04.08.2023","https://rosreestr.gov.ru/wps/portal/p/cc_ib_portal_services/cc_ib_ais_fdgko/!ut/p/z1/lZDfC4IwEMf_o-6Wob2ahFRQllS6l1h1yMA52WZ_f9tjhUj3dtzn-4MDDhXwTrxkI5zUnWj9XvP4lh8Xa5Yt2C4_r2JMN8V2ddlkiJjA9Qs4ssQD6Y5FLEc8MOD_6X-AoMeRSdHr-VfEZ4NsPgGEilMhtS-ZjJZcIpTB46E7Z3TbkoG6ldadqNfG2XAyZJ02VJK1_q-lE46gdmagcOyNftBzMFSIRnbNrBcN7Qd1Dz4x9OpcoSyUWkbqDc7ve24!/p0/IZ7_GQ4E1C41KGUB60AIPJBVIC0080=CZ6_GQ4E1C41KGUB60AIPJBVIC0007=MEcontroller!null==/?restoreSessionState=true&action=viewProcedure&id=22482"
"22541","True","1","","","","Кировская область","http://195.161.118.19/fdgko/pers_stor/69123/64442/Кировская область 619 31.05.2022.pdf","01.01.2023","","","https://rosreestr.gov.ru/wps/portal/p/cc_ib_portal_services/cc_ib_ais_fdgko/!ut/p/z1/lZDfC4IwEMf_o-6Wob2ahFRQllS6l1h1yMA52WZ_f9tjhUj3dtzn-4MDDhXwTrxkI5zUnWj9XvP4lh8Xa5Yt2C4_r2JMN8V2ddlkiJjA9Qs4ssQD6Y5FLEc8MOD_6X-AoMeRSdHr-VfEZ4NsPgGEilMhtS-ZjJZcIpTB46E7Z3TbkoG6ldadqNfG2XAyZJ02VJK1_q-lE46gdmagcOyNftBzMFSIRnbNrBcN7Qd1Dz4x9OpcoSyUWkbqDc7ve24!/p0/IZ7_GQ4E1C41KGUB60AIPJBVIC0080=CZ6_GQ4E1C41KGUB60AIPJBVIC0007=MEcontroller!null==/?restoreSessionState=true&action=viewProcedure&id=22541"
"22543","True","1","","","","Москва","http://195.161.118.19/fdgko/pers_stor/69124/64443/Москва 163 от 29.06.2022.pdf","01.01.2023","","","https://rosreestr.gov.ru/wps/portal/p/cc_ib_portal_services/cc_ib_ais_fdgko/!ut/p/z1/lZDfC4IwEMf_o-6Wob2ahFRQllS6l1h1yMA52WZ_f9tjhUj3dtzn-4MDDhXwTrxkI5zUnWj9XvP4lh8Xa5Yt2C4_r2JMN8V2ddlkiJjA9Qs4ssQD6Y5FLEc8MOD_6X-AoMeRSdHr-VfEZ4NsPgGEilMhtS-ZjJZcIpTB46E7Z3TbkoG6ldadqNfG2XAyZJ02VJK1_q-lE46gdmagcOyNftBzMFSIRnbNrBcN7Qd1Dz4x9OpcoSyUWkbqDc7ve24!/p0/IZ7_GQ4E1C41KGUB60AIPJBVIC0080=CZ6_GQ4E1C41KGUB60AIPJBVIC0007=MEcontroller!null==/?restoreSessionState=true&action=viewProcedure&id=22543"
"22561","True","1","","","","Новгородская область","http://195.161.118.19/fdgko/pers_stor/69146/64465/Новгородская обл. от 20.06.2022 № 1466.pdf","01.01.2023","","","https://rosreestr.gov.ru/wps/portal/p/cc_ib_portal_services/cc_ib_ais_fdgko/!ut/p/z1/lZDfC4IwEMf_o-6Wob2ahFRQllS6l1h1yMA52WZ_f9tjhUj3dtzn-4MDDhXwTrxkI5zUnWj9XvP4lh8Xa5Yt2C4_r2JMN8V2ddlkiJjA9Qs4ssQD6Y5FLEc8MOD_6X-AoMeRSdHr-VfEZ4NsPgGEilMhtS-ZjJZcIpTB46E7Z3TbkoG6ldadqNfG2XAyZJ02VJK1_q-lE46gdmagcOyNftBzMFSIRnbNrBcN7Qd1Dz4x9OpcoSyUWkbqDc7ve24!/p0/IZ7_GQ4E1C41KGUB60AIPJBVIC0080=CZ6_GQ4E1C41KGUB60AIPJBVIC0007=MEcontroller!null==/?restoreSessionState=true&action=viewProcedure&id=22561"
"22621","True","4","1","","","Республика Калмыкия","http://195.161.118.19/fdgko/pers_stor/69185/64504/Калмыкия_07.06.2022_1005-р.pdf","01.01.2023","12.07.2023","10.08.2023","https://rosreestr.gov.ru/wps/portal/p/cc_ib_portal_services/cc_ib_ais_fdgko/!ut/p/z1/lZDbCsIwDIbfyKROnbfbkKGCToeH9UaqhlFY19F2Pr_tpRMZ5i7k-w8EOFyBt-Ila-GkbkXj94ovbvlhtmLZjG3zU7rAZF1s0vM6Q8QYLgPgwGIPJFsWsRxxz4D_p_8Cgh5_TIJezwcRnw2y6QgQKo6FVL5k_LPkEqEMHg_dOqObhgxUjbTuSJ02zoaTIeu0oZKs9X8tnXAElTM9hWNn9IOevaFC1LKtJ52oadere_CZQ6dOV5SFUstIvQEVyhoS/p0/IZ7_GQ4E1C41KGUB60AIPJBVIC0080=CZ6_GQ4E1C41KGUB60AIPJBVIC0007=MEcontroller!null==/?restoreSessionState=true&action=viewProcedure&id=22621"
"22641","True","4","1","","","Республика Мордовия","http://195.161.118.19/fdgko/pers_stor/69202/64521/Республика Мордовия 56 от 14.06.2022.pdf","01.01.2023","20.07.2023","18.08.2023","https://rosreestr.gov.ru/wps/portal/p/cc_ib_portal_services/cc_ib_ais_fdgko/!ut/p/z1/lZDbCsIwDIbfyKROnbfbkKGCToeH9UaqhlFY19F2Pr_tpRMZ5i7k-w8EOFyBt-Ila-GkbkXj94ovbvlhtmLZjG3zU7rAZF1s0vM6Q8QYLgPgwGIPJFsWsRxxz4D_p_8Cgh5_TIJezwcRnw2y6QgQKo6FVL5k_LPkEqEMHg_dOqObhgxUjbTuSJ02zoaTIeu0oZKs9X8tnXAElTM9hWNn9IOevaFC1LKtJ52oadere_CZQ6dOV5SFUstIvQEVyhoS/p0/IZ7_GQ4E1C41KGUB60AIPJBVIC0080=CZ6_GQ4E1C41KGUB60AIPJBVIC0007=MEcontroller!null==/?restoreSessionState=true&action=viewProcedure&id=22641"
"22681","True","5","4","","","Свердловская область","http://195.161.118.19/fdgko/pers_stor/69204/64523/Свердловская обл. 2741 от 28.06.2022.pdf","01.01.2023","07.07.2023","21.07.2023","https://rosreestr.gov.ru/wps/portal/p/cc_ib_portal_services/cc_ib_ais_fdgko/!ut/p/z1/lZDbCsIwDIbfyKROnbfbkKGCToeH9UaqhlFY19F2Pr_tpRMZ5i7k-w8EOFyBt-Ila-GkbkXj94ovbvlhtmLZjG3zU7rAZF1s0vM6Q8QYLgPgwGIPJFsWsRxxz4D_p_8Cgh5_TIJezwcRnw2y6QgQKo6FVL5k_LPkEqEMHg_dOqObhgxUjbTuSJ02zoaTIeu0oZKs9X8tnXAElTM9hWNn9IOevaFC1LKtJ52oadere_CZQ6dOV5SFUstIvQEVyhoS/p0/IZ7_GQ4E1C41KGUB60AIPJBVIC0080=CZ6_GQ4E1C41KGUB60AIPJBVIC0007=MEcontroller!null==/?restoreSessionState=true&action=viewProcedure&id=22681"
"22701","True","1","","","","Севастополь","http://195.161.118.19/fdgko/pers_stor/69222/64541/Севастополь 21.06.2021 66.pdf","01.01.2023","","","https://rosreestr.gov.ru/wps/portal/p/cc_ib_portal_services/cc_ib_ais_fdgko/!ut/p/z1/lZDbCsIwDIbfyKROnbfbkKGCToeH9UaqhlFY19F2Pr_tpRMZ5i7k-w8EOFyBt-Ila-GkbkXj94ovbvlhtmLZjG3zU7rAZF1s0vM6Q8QYLgPgwGIPJFsWsRxxz4D_p_8Cgh5_TIJezwcRnw2y6QgQKo6FVL5k_LPkEqEMHg_dOqObhgxUjbTuSJ02zoaTIeu0oZKs9X8tnXAElTM9hWNn9IOevaFC1LKtJ52oadere_CZQ6dOV5SFUstIvQEVyhoS/p0/IZ7_GQ4E1C41KGUB60AIPJBVIC0080=CZ6_GQ4E1C41KGUB60AIPJBVIC0007=MEcontroller!null==/?restoreSessionState=true&action=viewProcedure&id=22701"
"22702","True","1","","","","Смоленская область","http://195.161.118.19/fdgko/pers_stor/69223/64542/Смоленская_535_06.06.2022.pdf","01.01.2023","","","https://rosreestr.gov.ru/wps/portal/p/cc_ib_portal_services/cc_ib_ais_fdgko/!ut/p/z1/lZDbCsIwDIbfyKROnbfbkKGCToeH9UaqhlFY19F2Pr_tpRMZ5i7k-w8EOFyBt-Ila-GkbkXj94ovbvlhtmLZjG3zU7rAZF1s0vM6Q8QYLgPgwGIPJFsWsRxxz4D_p_8Cgh5_TIJezwcRnw2y6QgQKo6FVL5k_LPkEqEMHg_dOqObhgxUjbTuSJ02zoaTIeu0oZKs9X8tnXAElTM9hWNn9IOevaFC1LKtJ52oadere_CZQ6dOV5SFUstIvQEVyhoS/p0/IZ7_GQ4E1C41KGUB60AIPJBVIC0080=CZ6_GQ4E1C41KGUB60AIPJBVIC0007=MEcontroller!null==/?restoreSessionState=true&action=viewProcedure&id=22702"
"22721","True","1","","","","Ставропольский край","http://195.161.118.19/fdgko/pers_stor/69224/64543/Ставропольский край_536_15.06.2022.pdf","01.01.2023","","","https://rosreestr.gov.ru/wps/portal/p/cc_ib_portal_services/cc_ib_ais_fdgko/!ut/p/z1/lZDbCsIwDIbfyKROnbfbkKGCToeH9UaqhlFY19F2Pr_tpRMZ5i7k-w8EOFyBt-Ila-GkbkXj94ovbvlhtmLZjG3zU7rAZF1s0vM6Q8QYLgPgwGIPJFsWsRxxz4D_p_8Cgh5_TIJezwcRnw2y6QgQKo6FVL5k_LPkEqEMHg_dOqObhgxUjbTuSJ02zoaTIeu0oZKs9X8tnXAElTM9hWNn9IOevaFC1LKtJ52oadere_CZQ6dOV5SFUstIvQEVyhoS/p0/IZ7_GQ4E1C41KGUB60AIPJBVIC0080=CZ6_GQ4E1C41KGUB60AIPJBVIC0007=MEcontroller!null==/?restoreSessionState=true&action=viewProcedure&id=22721"
"22741","True","4","1","","","Тульская область","http://195.161.118.19/fdgko/pers_stor/69225/64544/Тульская область 349 от 27.05.2022.pdf","01.01.2023","25.07.2023","23.08.2023","https://rosreestr.gov.ru/wps/portal/p/cc_ib_portal_services/cc_ib_ais_fdgko/!ut/p/z1/lZDbCsIwDIbfyKROnbfbkKGCToeH9UaqhlFY19F2Pr_tpRMZ5i7k-w8EOFyBt-Ila-GkbkXj94ovbvlhtmLZjG3zU7rAZF1s0vM6Q8QYLgPgwGIPJFsWsRxxz4D_p_8Cgh5_TIJezwcRnw2y6QgQKo6FVL5k_LPkEqEMHg_dOqObhgxUjbTuSJ02zoaTIeu0oZKs9X8tnXAElTM9hWNn9IOevaFC1LKtJ52oadere_CZQ6dOV5SFUstIvQEVyhoS/p0/IZ7_GQ4E1C41KGUB60AIPJBVIC0080=CZ6_GQ4E1C41KGUB60AIPJBVIC0007=MEcontroller!null==/?restoreSessionState=true&action=viewProcedure&id=22741"
"22761","True","4","","","","Тюменская область","http://195.161.118.19/fdgko/pers_stor/69226/64545/Тюменская область_17.06.2022_683_16.pdf","01.01.2023","04.07.2023","02.08.2023","https://rosreestr.gov.ru/wps/portal/p/cc_ib_portal_services/cc_ib_ais_fdgko/!ut/p/z1/lZDbCsIwDIbfyKROnbfbkKGCToeH9UaqhlFY19F2Pr_tpRMZ5i7k-w8EOFyBt-Ila-GkbkXj94ovbvlhtmLZjG3zU7rAZF1s0vM6Q8QYLgPgwGIPJFsWsRxxz4D_p_8Cgh5_TIJezwcRnw2y6QgQKo6FVL5k_LPkEqEMHg_dOqObhgxUjbTuSJ02zoaTIeu0oZKs9X8tnXAElTM9hWNn9IOevaFC1LKtJ52oadere_CZQ6dOV5SFUstIvQEVyhoS/p0/IZ7_GQ4E1C41KGUB60AIPJBVIC0080=CZ6_GQ4E1C41KGUB60AIPJBVIC0007=MEcontroller!null==/?restoreSessionState=true&action=viewProcedure&id=22761"
"23121","True","1","","","","Архангельская область","http://195.161.118.19/fdgko/pers_stor/73282/68801/Архангельская область 1-п от 07.02.2022.pdf","01.01.2023","","","https://rosreestr.gov.ru/wps/portal/p/cc_ib_portal_services/cc_ib_ais_fdgko/!ut/p/z1/lZDbCsIwDIbfyKROnbfbkKGCToeH9UaqhlFY19F2Pr_tpRMZ5i7k-w8EOFyBt-Ila-GkbkXj94ovbvlhtmLZjG3zU7rAZF1s0vM6Q8QYLgPgwGIPJFsWsRxxz4D_p_8Cgh5_TIJezwcRnw2y6QgQKo6FVL5k_LPkEqEMHg_dOqObhgxUjbTuSJ02zoaTIeu0oZKs9X8tnXAElTM9hWNn9IOevaFC1LKtJ52oadere_CZQ6dOV5SFUstIvQEVyhoS/p0/IZ7_GQ4E1C41KGUB60AIPJBVIC0080=CZ6_GQ4E1C41KGUB60AIPJBVIC0007=MEcontroller!null==/?restoreSessionState=true&action=viewProcedure&id=23121"
"23161","True","8","4","","","Волгоградская область","http://195.161.118.19/fdgko/pers_stor/73303/68822/Волгоградская обл. 28-н от 20.06.2022.pdf","01.01.2023","12.07.2023","26.07.2023","https://rosreestr.gov.ru/wps/portal/p/cc_ib_portal_services/cc_ib_ais_fdgko/!ut/p/z1/lZDbCsIwDIbfyKRuOG_nkKGCToeH9UaqhlFY19F2Pr_tpZMxzF3I9x8IcLgBb8Vb1sJJ3YrG7xVf3PNjvGZZzHb5ebXAdFNsV5dNhogJXAfAkSUeSHcsYjnigQH_T_8DBD2OTIpezwcR3w2y-QQQKk6FVL5kMlpyiVAGj6dundFNQwaqRlp3ok4bZ8PJkHXaUEnW-r-WTjiCypmewrEz-kmv3lAhatnWs07UtO_VI_jE0KnzDWWh1DJSH2MrFY8!/p0/IZ7_GQ4E1C41KGUB60AIPJBVIC0080=CZ6_GQ4E1C41KGUB60AIPJBVIC0007=MEcontroller!null==/?restoreSessionState=true&action=viewProcedure&id=23161"
"23123","True","1","","","","Вологодская область","http://195.161.118.19/fdgko/pers_stor/73322/68841/Вологодская область 53-н от 25.05.2022.PDF","01.01.2023","","","https://rosreestr.gov.ru/wps/portal/p/cc_ib_portal_services/cc_ib_ais_fdgko/!ut/p/z1/lZDbCsIwDIbfyKRuOG_nkKGCToeH9UaqhlFY19F2Pr_tpZMxzF3I9x8IcLgBb8Vb1sJJ3YrG7xVf3PNjvGZZzHb5ebXAdFNsV5dNhogJXAfAkSUeSHcsYjnigQH_T_8DBD2OTIpezwcR3w2y-QQQKk6FVL5kMlpyiVAGj6dundFNQwaqRlp3ok4bZ8PJkHXaUEnW-r-WTjiCypmewrEz-kmv3lAhatnWs07UtO_VI_jE0KnzDWWh1DJSH2MrFY8!/p0/IZ7_GQ4E1C41KGUB60AIPJBVIC0080=CZ6_GQ4E1C41KGUB60AIPJBVIC0007=MEcontroller!null==/?restoreSessionState=true&action=viewProcedure&id=23123"
"23124","True","1","","","","Еврейская А.обл.","http://195.161.118.19/fdgko/pers_stor/73323/68842/ЕАО_2023_от 19.04.2022 104-рп.pdf","01.01.2023","","","https://rosreestr.gov.ru/wps/portal/p/cc_ib_portal_services/cc_ib_ais_fdgko/!ut/p/z1/lZDbCsIwDIbfyKRuOG_nkKGCToeH9UaqhlFY19F2Pr_tpZMxzF3I9x8IcLgBb8Vb1sJJ3YrG7xVf3PNjvGZZzHb5ebXAdFNsV5dNhogJXAfAkSUeSHcsYjnigQH_T_8DBD2OTIpezwcR3w2y-QQQKk6FVL5kMlpyiVAGj6dundFNQwaqRlp3ok4bZ8PJkHXaUEnW-r-WTjiCypmewrEz-kmv3lAhatnWs07UtO_VI_jE0KnzDWWh1DJSH2MrFY8!/p0/IZ7_GQ4E1C41KGUB60AIPJBVIC0080=CZ6_GQ4E1C41KGUB60AIPJBVIC0007=MEcontroller!null==/?restoreSessionState=true&action=viewProcedure&id=23124"
"23125","True","4","1","","","Забайкальский край","http://195.161.118.19/fdgko/pers_stor/73324/68861/Забайкальский край_24.06.2022_2380_Р.pdf","01.01.2023","25.07.2023","23.08.2023","https://rosreestr.gov.ru/wps/portal/p/cc_ib_portal_services/cc_ib_ais_fdgko/!ut/p/z1/lZDbCsIwDIbfyKRuOG_nkKGCToeH9UaqhlFY19F2Pr_tpZMxzF3I9x8IcLgBb8Vb1sJJ3YrG7xVf3PNjvGZZzHb5ebXAdFNsV5dNhogJXAfAkSUeSHcsYjnigQH_T_8DBD2OTIpezwcR3w2y-QQQKk6FVL5kMlpyiVAGj6dundFNQwaqRlp3ok4bZ8PJkHXaUEnW-r-WTjiCypmewrEz-kmv3lAhatnWs07UtO_VI_jE0KnzDWWh1DJSH2MrFY8!/p0/IZ7_GQ4E1C41KGUB60AIPJBVIC0080=CZ6_GQ4E1C41KGUB60AIPJBVIC0007=MEcontroller!null==/?restoreSessionState=true&action=viewProcedure&id=23125"
"23181","True","1","","","","Иркутская область","http://195.161.118.19/fdgko/pers_stor/73304/68823/Постановление 642-пп в редакции 882-пп.zip","01.01.2023","","","https://rosreestr.gov.ru/wps/portal/p/cc_ib_portal_services/cc_ib_ais_fdgko/!ut/p/z1/lZDbCsIwDIbfyKRuOG_nkKGCToeH9UaqhlFY19F2Pr_tpZMxzF3I9x8IcLgBb8Vb1sJJ3YrG7xVf3PNjvGZZzHb5ebXAdFNsV5dNhogJXAfAkSUeSHcsYjnigQH_T_8DBD2OTIpezwcR3w2y-QQQKk6FVL5kMlpyiVAGj6dundFNQwaqRlp3ok4bZ8PJkHXaUEnW-r-WTjiCypmewrEz-kmv3lAhatnWs07UtO_VI_jE0KnzDWWh1DJSH2MrFY8!/p0/IZ7_GQ4E1C41KGUB60AIPJBVIC0080=CZ6_GQ4E1C41KGUB60AIPJBVIC0007=MEcontroller!null==/?restoreSessionState=true&action=viewProcedure&id=23181"
"23126","True","1","","","","Калининградская область","http://195.161.118.19/fdgko/pers_stor/73325/68881/Калининградская 15.02.2021 17-рп 2022,2023.pdf","01.01.2023","","","https://rosreestr.gov.ru/wps/portal/p/cc_ib_portal_services/cc_ib_ais_fdgko/!ut/p/z1/lZDbCsIwDIbfyKRuOG_nkKGCToeH9UaqhlFY19F2Pr_tpZMxzF3I9x8IcLgBb8Vb1sJJ3YrG7xVf3PNjvGZZzHb5ebXAdFNsV5dNhogJXAfAkSUeSHcsYjnigQH_T_8DBD2OTIpezwcR3w2y-QQQKk6FVL5kMlpyiVAGj6dundFNQwaqRlp3ok4bZ8PJkHXaUEnW-r-WTjiCypmewrEz-kmv3lAhatnWs07UtO_VI_jE0KnzDWWh1DJSH2MrFY8!/p0/IZ7_GQ4E1C41KGUB60AIPJBVIC0080=CZ6_GQ4E1C41KGUB60AIPJBVIC0007=MEcontroller!null==/?restoreSessionState=true&action=viewProcedure&id=23126"
"23201","True","1","","","","Калужская область","http://195.161.118.19/fdgko/pers_stor/73305/68824/Калужская область 12.05.2022 749-п.pdf","01.01.2023","","","https://rosreestr.gov.ru/wps/portal/p/cc_ib_portal_services/cc_ib_ais_fdgko/!ut/p/z1/lZDbCsIwDIbfyKRuOG_nkKGCToeH9UaqhlFY19F2Pr_tpZMxzF3I9x8IcLgBb8Vb1sJJ3YrG7xVf3PNjvGZZzHb5ebXAdFNsV5dNhogJXAfAkSUeSHcsYjnigQH_T_8DBD2OTIpezwcR3w2y-QQQKk6FVL5kMlpyiVAGj6dundFNQwaqRlp3ok4bZ8PJkHXaUEnW-r-WTjiCypmewrEz-kmv3lAhatnWs07UtO_VI_jE0KnzDWWh1DJSH2MrFY8!/p0/IZ7_GQ4E1C41KGUB60AIPJBVIC0080=CZ6_GQ4E1C41KGUB60AIPJBVIC0007=MEcontroller!null==/?restoreSessionState=true&action=viewProcedure&id=23201"
"23127","True","4","","","","Камчатский край","http://195.161.118.19/fdgko/pers_stor/73326/68901/Камчатский край_23.06.2022 П-15.pdf","01.01.2023","10.07.2023","08.08.2023","https://rosreestr.gov.ru/wps/portal/p/cc_ib_portal_services/cc_ib_ais_fdgko/!ut/p/z1/lZDbCsIwDIbfyKRuOG_nkKGCToeH9UaqhlFY19F2Pr_tpZMxzF3I9x8IcLgBb8Vb1sJJ3YrG7xVf3PNjvGZZzHb5ebXAdFNsV5dNhogJXAfAkSUeSHcsYjnigQH_T_8DBD2OTIpezwcR3w2y-QQQKk6FVL5kMlpyiVAGj6dundFNQwaqRlp3ok4bZ8PJkHXaUEnW-r-WTjiCypmewrEz-kmv3lAhatnWs07UtO_VI_jE0KnzDWWh1DJSH2MrFY8!/p0/IZ7_GQ4E1C41KGUB60AIPJBVIC0080=CZ6_GQ4E1C41KGUB60AIPJBVIC0007=MEcontroller!null==/?restoreSessionState=true&action=viewProcedure&id=23127"
"23128","True","4","1","","","Кемеровская область - Кузбасс","http://195.161.118.19/fdgko/pers_stor/73306/68825/Кемеровская область 4-2_2167-П от 26.10.2021.pdf","01.01.2023","19.07.2023","17.08.2023","https://rosreestr.gov.ru/wps/portal/p/cc_ib_portal_services/cc_ib_ais_fdgko/!ut/p/z1/lZDbCsIwDIbfyKRuOG_nkKGCToeH9UaqhlFY19F2Pr_tpZMxzF3I9x8IcLgBb8Vb1sJJ3YrG7xVf3PNjvGZZzHb5ebXAdFNsV5dNhogJXAfAkSUeSHcsYjnigQH_T_8DBD2OTIpezwcR3w2y-QQQKk6FVL5kMlpyiVAGj6dundFNQwaqRlp3ok4bZ8PJkHXaUEnW-r-WTjiCypmewrEz-kmv3lAhatnWs07UtO_VI_jE0KnzDWWh1DJSH2MrFY8!/p0/IZ7_GQ4E1C41KGUB60AIPJBVIC0080=CZ6_GQ4E1C41KGUB60AIPJBVIC0007=MEcontroller!null==/?restoreSessionState=true&action=viewProcedure&id=23128"
"23221","True","1","","","","Красноярский край","http://195.161.118.19/fdgko/pers_stor/73308/68827/Красноярский кр_1050-Р в ред.. 7555-Р.pdf","01.01.2023","","","https://rosreestr.gov.ru/wps/portal/p/cc_ib_portal_services/cc_ib_ais_fdgko/!ut/p/z1/lZDfC4IwEMf_o-6Wkb2qhFhQlli5l1h2yMA52WZ_f9tjRUT3dtzn-4MDDhfgg3jITjipB9H7veHLa35YrFm2YNu8TpeYFOUmPRUZIsZwfgMOLPZAsmURyxH3DPh_-g8g6PHLJOj1_C3itUE2_wGEir9CGl8y_lpyhVAFj1YPzui-JwNNL6070qiNs-FkyDptqCJr_V8rJxxB48xE4Tga3dJ9MlSKTg7dbBQd7SZ1Cz4RjKq-oCyVWkXqCaOB2Oo!/p0/IZ7_GQ4E1C41KGUB60AIPJBVIC0080=CZ6_GQ4E1C41KGUB60AIPJBVIC0007=MEcontroller!null==/?restoreSessionState=true&action=viewProcedure&id=23221"
"23130","True","1","","","","Курганская область","http://195.161.118.19/fdgko/pers_stor/73327/68921/Курганская область от 25.04.2022 _ 30-п.pdf","01.01.2023","","","https://rosreestr.gov.ru/wps/portal/p/cc_ib_portal_services/cc_ib_ais_fdgko/!ut/p/z1/lZDfC4IwEMf_o-6Wkb2qhFhQlli5l1h2yMA52WZ_f9tjRUT3dtzn-4MDDhfgg3jITjipB9H7veHLa35YrFm2YNu8TpeYFOUmPRUZIsZwfgMOLPZAsmURyxH3DPh_-g8g6PHLJOj1_C3itUE2_wGEir9CGl8y_lpyhVAFj1YPzui-JwNNL6070qiNs-FkyDptqCJr_V8rJxxB48xE4Tga3dJ9MlSKTg7dbBQd7SZ1Cz4RjKq-oCyVWkXqCaOB2Oo!/p0/IZ7_GQ4E1C41KGUB60AIPJBVIC0080=CZ6_GQ4E1C41KGUB60AIPJBVIC0007=MEcontroller!null==/?restoreSessionState=true&action=viewProcedure&id=23130"
"23131","True","1","","","","Курская область","http://195.161.118.19/fdgko/pers_stor/73328/68922/Курская обл. от 27.06.2022 № 463-ра.pdf","01.01.2023","","","https://rosreestr.gov.ru/wps/portal/p/cc_ib_portal_services/cc_ib_ais_fdgko/!ut/p/z1/lZDfC4IwEMf_o-6Wkb2qhFhQlli5l1h2yMA52WZ_f9tjRUT3dtzn-4MDDhfgg3jITjipB9H7veHLa35YrFm2YNu8TpeYFOUmPRUZIsZwfgMOLPZAsmURyxH3DPh_-g8g6PHLJOj1_C3itUE2_wGEir9CGl8y_lpyhVAFj1YPzui-JwNNL6070qiNs-FkyDptqCJr_V8rJxxB48xE4Tga3dJ9MlSKTg7dbBQd7SZ1Cz4RjKq-oCyVWkXqCaOB2Oo!/p0/IZ7_GQ4E1C41KGUB60AIPJBVIC0080=CZ6_GQ4E1C41KGUB60AIPJBVIC0007=MEcontroller!null==/?restoreSessionState=true&action=viewProcedure&id=23131"
"23132","True","1","","","","Московская область","http://195.161.118.19/fdgko/pers_stor/73329/68941/МО ГКО 2022, 2023 09.06.2021 15ВР-961.pdf","01.01.2023","","","https://rosreestr.gov.ru/wps/portal/p/cc_ib_portal_services/cc_ib_ais_fdgko/!ut/p/z1/lZDfC4IwEMf_o-6Wkb2qhFhQlli5l1h2yMA52WZ_f9tjRUT3dtzn-4MDDhfgg3jITjipB9H7veHLa35YrFm2YNu8TpeYFOUmPRUZIsZwfgMOLPZAsmURyxH3DPh_-g8g6PHLJOj1_C3itUE2_wGEir9CGl8y_lpyhVAFj1YPzui-JwNNL6070qiNs-FkyDptqCJr_V8rJxxB48xE4Tga3dJ9MlSKTg7dbBQd7SZ1Cz4RjKq-oCyVWkXqCaOB2Oo!/p0/IZ7_GQ4E1C41KGUB60AIPJBVIC0080=CZ6_GQ4E1C41KGUB60AIPJBVIC0007=MEcontroller!null==/?restoreSessionState=true&action=viewProcedure&id=23132"
"23241","True","1","","","","Оренбургская область","http://195.161.118.19/fdgko/pers_stor/73309/68828/Оренбургская обл. 525-пп от 15.06.2022.pdf","01.01.2023","","","https://rosreestr.gov.ru/wps/portal/p/cc_ib_portal_services/cc_ib_ais_fdgko/!ut/p/z1/lZDfC4IwEMf_o-6Wkb2qhFhQlli5l1h2yMA52WZ_f9tjRUT3dtzn-4MDDhfgg3jITjipB9H7veHLa35YrFm2YNu8TpeYFOUmPRUZIsZwfgMOLPZAsmURyxH3DPh_-g8g6PHLJOj1_C3itUE2_wGEir9CGl8y_lpyhVAFj1YPzui-JwNNL6070qiNs-FkyDptqCJr_V8rJxxB48xE4Tga3dJ9MlSKTg7dbBQd7SZ1Cz4RjKq-oCyVWkXqCaOB2Oo!/p0/IZ7_GQ4E1C41KGUB60AIPJBVIC0080=CZ6_GQ4E1C41KGUB60AIPJBVIC0007=MEcontroller!null==/?restoreSessionState=true&action=viewProcedure&id=23241"
"23133","True","1","","","","Орловская область","http://195.161.118.19/fdgko/pers_stor/73330/68961/23.04.21 232-р Орловская обл ГКО 2022,2023.pdf","01.01.2023","28.07.2023","26.08.2023","https://rosreestr.gov.ru/wps/portal/p/cc_ib_portal_services/cc_ib_ais_fdgko/!ut/p/z1/lZDfC4IwEMf_o-6Wkb2qhFhQlli5l1h2yMA52WZ_f9tjRUT3dtzn-4MDDhfgg3jITjipB9H7veHLa35YrFm2YNu8TpeYFOUmPRUZIsZwfgMOLPZAsmURyxH3DPh_-g8g6PHLJOj1_C3itUE2_wGEir9CGl8y_lpyhVAFj1YPzui-JwNNL6070qiNs-FkyDptqCJr_V8rJxxB48xE4Tga3dJ9MlSKTg7dbBQd7SZ1Cz4RjKq-oCyVWkXqCaOB2Oo!/p0/IZ7_GQ4E1C41KGUB60AIPJBVIC0080=CZ6_GQ4E1C41KGUB60AIPJBVIC0007=MEcontroller!null==/?restoreSessionState=true&action=viewProcedure&id=23133"
"23261","True","1","","","","Пензенская область","http://195.161.118.19/fdgko/pers_stor/73310/68829/Пензенская область_08.06.2022_204-пр.pdf","01.01.2023","","","https://rosreestr.gov.ru/wps/portal/p/cc_ib_portal_services/cc_ib_ais_fdgko/!ut/p/z1/lZDfC4IwEMf_o-6Wkb2qhFhQlli5l1h2yMA52WZ_f9tjRUT3dtzn-4MDDhfgg3jITjipB9H7veHLa35YrFm2YNu8TpeYFOUmPRUZIsZwfgMOLPZAsmURyxH3DPh_-g8g6PHLJOj1_C3itUE2_wGEir9CGl8y_lpyhVAFj1YPzui-JwNNL6070qiNs-FkyDptqCJr_V8rJxxB48xE4Tga3dJ9MlSKTg7dbBQd7SZ1Cz4RjKq-oCyVWkXqCaOB2Oo!/p0/IZ7_GQ4E1C41KGUB60AIPJBVIC0080=CZ6_GQ4E1C41KGUB60AIPJBVIC0007=MEcontroller!null==/?restoreSessionState=true&action=viewProcedure&id=23261"
"23262","True","1","","","","Приморский край","http://195.161.118.19/fdgko/pers_stor/73311/68830/Приморский край 01.06.2022 408-РИ.pdf","01.01.2023","","","https://rosreestr.gov.ru/wps/portal/p/cc_ib_portal_services/cc_ib_ais_fdgko/!ut/p/z1/lZDfC4IwEMf_o-6Wkb2qhFhQlli5l1h2yMA52WZ_f9tjRUT3dtzn-4MDDhfgg3jITjipB9H7veHLa35YrFm2YNu8TpeYFOUmPRUZIsZwfgMOLPZAsmURyxH3DPh_-g8g6PHLJOj1_C3itUE2_wGEir9CGl8y_lpyhVAFj1YPzui-JwNNL6070qiNs-FkyDptqCJr_V8rJxxB48xE4Tga3dJ9MlSKTg7dbBQd7SZ1Cz4RjKq-oCyVWkXqCaOB2Oo!/p0/IZ7_GQ4E1C41KGUB60AIPJBVIC0080=CZ6_GQ4E1C41KGUB60AIPJBVIC0007=MEcontroller!null==/?restoreSessionState=true&action=viewProcedure&id=23262"
"23263","True","1","","","","Псковская область","http://195.161.118.19/fdgko/pers_stor/73312/68831/Псковская область_2-р_от 02.06.2022.pdf","01.01.2023","","","https://rosreestr.gov.ru/wps/portal/p/cc_ib_portal_services/cc_ib_ais_fdgko/!ut/p/z1/lZDfC4IwEMf_o-6Wkb2qhFhQlli5l1h2yMA52WZ_f9tjRUT3dtzn-4MDDhfgg3jITjipB9H7veHLa35YrFm2YNu8TpeYFOUmPRUZIsZwfgMOLPZAsmURyxH3DPh_-g8g6PHLJOj1_C3itUE2_wGEir9CGl8y_lpyhVAFj1YPzui-JwNNL6070qiNs-FkyDptqCJr_V8rJxxB48xE4Tga3dJ9MlSKTg7dbBQd7SZ1Cz4RjKq-oCyVWkXqCaOB2Oo!/p0/IZ7_GQ4E1C41KGUB60AIPJBVIC0080=CZ6_GQ4E1C41KGUB60AIPJBVIC0007=MEcontroller!null==/?restoreSessionState=true&action=viewProcedure&id=23263"
"23135","True","1","","","","Республика Саха (Якутия)","http://195.161.118.19/fdgko/pers_stor/73342/68981/Республика Саха_Якутия Р-111 от 20.01.2022.pdf","01.01.2023","","","https://rosreestr.gov.ru/wps/portal/p/cc_ib_portal_services/cc_ib_ais_fdgko/!ut/p/z1/lZDfC4IwEMf_o-5Wkr2ahFhQllS6l1h1yMA52WZ_f9tjhUj3dtzn-4MDDhXwTrxkI5zUnWj9XvPlLTtGG5ZGbJed10tM8mK7vuQpIsZw_QKOLPZAsmMLliEeGPD_9D9A0OPIJOj1_Cvis0E6nwBCxamQ2peMR0uuEMrg8dCdM7ptyUDdSutO1GvjbDgZsk4bKsla_9fSCUdQOzNQOPZGP-g5GCpEI7tm1ouG9oO6B5859OpcoSyUWi3UG9Vg13c!/p0/IZ7_GQ4E1C41KGUB60AIPJBVIC0080=CZ6_GQ4E1C41KGUB60AIPJBVIC0007=MEcontroller!null==/?restoreSessionState=true&action=viewProcedure&id=23135"
"23281","True","4","","","","Республика Северная Осетия","http://195.161.118.19/fdgko/pers_stor/73315/68834/Республика Северная Осетия-Алания 13-о_д от 23.05.2022.pdf","01.01.2023","05.07.2023","03.08.2023","https://rosreestr.gov.ru/wps/portal/p/cc_ib_portal_services/cc_ib_ais_fdgko/!ut/p/z1/lZDfC4IwEMf_o-5Wkr2ahFhQllS6l1h1yMA52WZ_f9tjhUj3dtzn-4MDDhXwTrxkI5zUnWj9XvPlLTtGG5ZGbJed10tM8mK7vuQpIsZw_QKOLPZAsmMLliEeGPD_9D9A0OPIJOj1_Cvis0E6nwBCxamQ2peMR0uuEMrg8dCdM7ptyUDdSutO1GvjbDgZsk4bKsla_9fSCUdQOzNQOPZGP-g5GCpEI7tm1ouG9oO6B5859OpcoSyUWi3UG9Vg13c!/p0/IZ7_GQ4E1C41KGUB60AIPJBVIC0080=CZ6_GQ4E1C41KGUB60AIPJBVIC0007=MEcontroller!null==/?restoreSessionState=true&action=viewProcedure&id=23281"
"23136","True","1","","","","Республика Хакасия","http://195.161.118.19/fdgko/pers_stor/73343/69001/Хакасия_020-39-П от 13.05.2022.pdf","01.01.2023","","","https://rosreestr.gov.ru/wps/portal/p/cc_ib_portal_services/cc_ib_ais_fdgko/!ut/p/z1/lZDfC4IwEMf_o-5Wkr2ahFhQllS6l1h1yMA52WZ_f9tjhUj3dtzn-4MDDhXwTrxkI5zUnWj9XvPlLTtGG5ZGbJed10tM8mK7vuQpIsZw_QKOLPZAsmMLliEeGPD_9D9A0OPIJOj1_Cvis0E6nwBCxamQ2peMR0uuEMrg8dCdM7ptyUDdSutO1GvjbDgZsk4bKsla_9fSCUdQOzNQOPZGP-g5GCpEI7tm1ouG9oO6B5859OpcoSyUWi3UG9Vg13c!/p0/IZ7_GQ4E1C41KGUB60AIPJBVIC0080=CZ6_GQ4E1C41KGUB60AIPJBVIC0007=MEcontroller!null==/?restoreSessionState=true&action=viewProcedure&id=23136"
"23137","True","1","","","","Ростовская область","http://195.161.118.19/fdgko/pers_stor/73344/69002/Ростовская обл. гко 2022,2023.pdf","01.01.2023","","","https://rosreestr.gov.ru/wps/portal/p/cc_ib_portal_services/cc_ib_ais_fdgko/!ut/p/z1/lZDfC4IwEMf_o-5Wkr2ahFhQllS6l1h1yMA52WZ_f9tjhUj3dtzn-4MDDhXwTrxkI5zUnWj9XvPlLTtGG5ZGbJed10tM8mK7vuQpIsZw_QKOLPZAsmMLliEeGPD_9D9A0OPIJOj1_Cvis0E6nwBCxamQ2peMR0uuEMrg8dCdM7ptyUDdSutO1GvjbDgZsk4bKsla_9fSCUdQOzNQOPZGP-g5GCpEI7tm1ouG9oO6B5859OpcoSyUWi3UG9Vg13c!/p0/IZ7_GQ4E1C41KGUB60AIPJBVIC0080=CZ6_GQ4E1C41KGUB60AIPJBVIC0007=MEcontroller!null==/?restoreSessionState=true&action=viewProcedure&id=23137"
"23301","True","4","","","","Рязанская область","http://195.161.118.19/fdgko/pers_stor/73316/68835/Рязанская область_11.04.2022_274-р.pdf","01.01.2023","17.07.2023","15.08.2023","https://rosreestr.gov.ru/wps/portal/p/cc_ib_portal_services/cc_ib_ais_fdgko/!ut/p/z1/lZDfC4IwEMf_o-5Wkr2ahFhQllS6l1h1yMA52WZ_f9tjhUj3dtzn-4MDDhXwTrxkI5zUnWj9XvPlLTtGG5ZGbJed10tM8mK7vuQpIsZw_QKOLPZAsmMLliEeGPD_9D9A0OPIJOj1_Cvis0E6nwBCxamQ2peMR0uuEMrg8dCdM7ptyUDdSutO1GvjbDgZsk4bKsla_9fSCUdQOzNQOPZGP-g5GCpEI7tm1ouG9oO6B5859OpcoSyUWi3UG9Vg13c!/p0/IZ7_GQ4E1C41KGUB60AIPJBVIC0080=CZ6_GQ4E1C41KGUB60AIPJBVIC0007=MEcontroller!null==/?restoreSessionState=true&action=viewProcedure&id=23301"
"23138","True","1","","","","Санкт-Петербург","http://195.161.118.19/fdgko/pers_stor/73345/69021/СПб 113-п в редакции 171-п.rar","01.01.2023","","","https://rosreestr.gov.ru/wps/portal/p/cc_ib_portal_services/cc_ib_ais_fdgko/!ut/p/z1/lZDfC4IwEMf_o-5Wkr2ahFhQllS6l1h1yMA52WZ_f9tjhUj3dtzn-4MDDhXwTrxkI5zUnWj9XvPlLTtGG5ZGbJed10tM8mK7vuQpIsZw_QKOLPZAsmMLliEeGPD_9D9A0OPIJOj1_Cvis0E6nwBCxamQ2peMR0uuEMrg8dCdM7ptyUDdSutO1GvjbDgZsk4bKsla_9fSCUdQOzNQOPZGP-g5GCpEI7tm1ouG9oO6B5859OpcoSyUWi3UG9Vg13c!/p0/IZ7_GQ4E1C41KGUB60AIPJBVIC0080=CZ6_GQ4E1C41KGUB60AIPJBVIC0007=MEcontroller!null==/?restoreSessionState=true&action=viewProcedure&id=23138"
"23139","True","1","","","","Саратовская область","http://195.161.118.19/fdgko/pers_stor/73346/69022/Саратовская обл 4-р от 11.01.2022.pdf","01.01.2023","","","https://rosreestr.gov.ru/wps/portal/p/cc_ib_portal_services/cc_ib_ais_fdgko/!ut/p/z1/lZDfC4IwEMf_o-5Wkr2ahFhQllS6l1h1yMA52WZ_f9tjhUj3dtzn-4MDDhXwTrxkI5zUnWj9XvPlLTtGG5ZGbJed10tM8mK7vuQpIsZw_QKOLPZAsmMLliEeGPD_9D9A0OPIJOj1_Cvis0E6nwBCxamQ2peMR0uuEMrg8dCdM7ptyUDdSutO1GvjbDgZsk4bKsla_9fSCUdQOzNQOPZGP-g5GCpEI7tm1ouG9oO6B5859OpcoSyUWi3UG9Vg13c!/p0/IZ7_GQ4E1C41KGUB60AIPJBVIC0080=CZ6_GQ4E1C41KGUB60AIPJBVIC0007=MEcontroller!null==/?restoreSessionState=true&action=viewProcedure&id=23139"
"23321","True","1","","","","Сахалинская область","http://195.161.118.19/fdgko/pers_stor/73362/69041/Сахалинская область 326-р_в_ред.869-р.rar","01.01.2023","","","https://rosreestr.gov.ru/wps/portal/p/cc_ib_portal_services/cc_ib_ais_fdgko/!ut/p/z1/lZDfC4IwEMf_o-5Wkr2ahFhQllS6l1h1yMA52WZ_f9tjhUj3dtzn-4MDDhXwTrxkI5zUnWj9XvPlLTtGG5ZGbJed10tM8mK7vuQpIsZw_QKOLPZAsmMLliEeGPD_9D9A0OPIJOj1_Cvis0E6nwBCxamQ2peMR0uuEMrg8dCdM7ptyUDdSutO1GvjbDgZsk4bKsla_9fSCUdQOzNQOPZGP-g5GCpEI7tm1ouG9oO6B5859OpcoSyUWi3UG9Vg13c!/p0/IZ7_GQ4E1C41KGUB60AIPJBVIC0080=CZ6_GQ4E1C41KGUB60AIPJBVIC0007=MEcontroller!null==/?restoreSessionState=true&action=viewProcedure&id=23321"
"23322","True","1","","","","Томская область","http://195.161.118.19/fdgko/pers_stor/73363/69042/Томская область 2-о от 18.01.2022 в редакции 21-о.zip","01.01.2023","","","https://rosreestr.gov.ru/wps/portal/p/cc_ib_portal_services/cc_ib_ais_fdgko/!ut/p/z1/lZDfC4IwEMf_o-5Wkr2ahFhQllS6l1h1yMA52WZ_f9tjhUj3dtzn-4MDDhXwTrxkI5zUnWj9XvPlLTtGG5ZGbJed10tM8mK7vuQpIsZw_QKOLPZAsmMLliEeGPD_9D9A0OPIJOj1_Cvis0E6nwBCxamQ2peMR0uuEMrg8dCdM7ptyUDdSutO1GvjbDgZsk4bKsla_9fSCUdQOzNQOPZGP-g5GCpEI7tm1ouG9oO6B5859OpcoSyUWi3UG9Vg13c!/p0/IZ7_GQ4E1C41KGUB60AIPJBVIC0080=CZ6_GQ4E1C41KGUB60AIPJBVIC0007=MEcontroller!null==/?restoreSessionState=true&action=viewProcedure&id=23322"
"23362","True","1","","","","Чеченская Республика","http://195.161.118.19/fdgko/pers_stor/73365/69044/Чеченская Республика 14.04.2022 408-ТИ.pdf","01.01.2023","","","https://rosreestr.gov.ru/wps/portal/p/cc_ib_portal_services/cc_ib_ais_fdgko/!ut/p/z1/04_Sj9CPykssy0xPLMnMz0vMAfIjo8zi3QNNXA2dTQy93UOdzAwcPQO8nMI8nQ0MDMz1w9EUBBqaAxU4ehsaG7obGPgb6keRph9DAUi_AQ7gaADUH4VmBaoLnI0IKAA5kZAlBbmhEQaZnooANTW-bQ!!/p0/IZ7_GQ4E1C41KGUB60AIPJBVIC0080=CZ6_GQ4E1C41KGUB60AIPJBVIC0007=MEcontroller!null==/?restoreSessionState=true&action=viewProcedure&id=23362"
"23501","True","1","","","","Ханты-Мансийский АО","http://195.161.118.19/fdgko/pers_stor/73523/69322/ХМАО_13-Р-3159 от 20.12.2021.pdf","01.01.2023","","","https://rosreestr.gov.ru/wps/portal/p/cc_ib_portal_services/cc_ib_ais_fdgko/!ut/p/z1/04_Sj9CPykssy0xPLMnMz0vMAfIjo8zi3QNNXA2dTQy93UOdzAwcPQO8nMI8nQ0MDMz1w9EUBBqaAxU4ehsaG7obGPgb6keRph9DAUi_AQ7gaADUH4VmBaoLnI0IKAA5kZAlBbmhEQaZnooANTW-bQ!!/p0/IZ7_GQ4E1C41KGUB60AIPJBVIC0080=CZ6_GQ4E1C41KGUB60AIPJBVIC0007=MEcontroller!null==/?restoreSessionState=true&action=viewProcedure&id=23501"
"21881","True","1","","","","Брянская область","http://195.161.118.19/fdgko/pers_stor/68023/63282/Приказ 608 от 29 апреля 2022.pdf","01.01.2023","","","https://rosreestr.gov.ru/wps/portal/p/cc_ib_portal_services/cc_ib_ais_fdgko/!ut/p/z1/lZDbCsIwDIbfyKRONm_nkDEFnQ4P643UGUZhXUfb-fy2lypDzF3I9x8IcLgC78VTtsJJ3YvO7zWPb_lhsWbZgm3z0yrGtCg3q3ORIWIClw_gwBIPpFsWsRxxz4D_p_8Cgh4nJkWv5x8R7w2y-Q8gVPwVUvuSyWTJJUIVPBrdO6O7jgzUnbTuSIM2zoaTIeu0oYqs9X-tnHAEtTMjheNgdEOP0VApWtm3s0G0tBvVPfgkMKjTFWWp1DJSL7gOdPM!/p0/IZ7_GQ4E1C41KGUB60AIPJBVIC0080=CZ6_GQ4E1C41KGUB60AIPJBVIC0007=MEcontroller!null==/?restoreSessionState=true&action=viewProcedure&id=21881"
"23122","True","1","","","","Белгородская область","http://195.161.118.19/fdgko/pers_stor/73283/68802/Белгородская обл._541-р_16.06.2022.pdf","01.01.2023","","","https://rosreestr.gov.ru/wps/portal/p/cc_ib_portal_services/cc_ib_ais_fdgko/!ut/p/z1/lZDbCsIwDIbfyKROnbfbkKGCToeH9UaqhlFY19F2Pr_tpRMZ5i7k-w8EOFyBt-Ila-GkbkXj94ovbvlhtmLZjG3zU7rAZF1s0vM6Q8QYLgPgwGIPJFsWsRxxz4D_p_8Cgh5_TIJezwcRnw2y6QgQKo6FVL5k_LPkEqEMHg_dOqObhgxUjbTuSJ02zoaTIeu0oZKs9X8tnXAElTM9hWNn9IOevaFC1LKtJ52oadere_CZQ6dOV5SFUstIvQEVyhoS/p0/IZ7_GQ4E1C41KGUB60AIPJBVIC0080=CZ6_GQ4E1C41KGUB60AIPJBVIC0007=MEcontroller!null==/?restoreSessionState=true&action=viewProcedure&id=23122"
